{"playerData":{"playerStats":[100.0,4981.0,98.0],"playerPositionAndRotation":[23.96609878540039,1.929999589920044,8.509032249450684,23.96609878540039,1.929999589920044,8.509032249450684],"inventoryContent":["Axe","Stick","Stick","Stick"],"quickSlotContent":[]},"enviromentData":{"pickedupItems":["Stick001","Stick005","Stick002"]}}